{
  "model": "Fine-tuned BERT-large (corrected hyperparameters)",
  "model_name": "bert-large-cased",
  "purpose": "Retrain BERT-large with corrected hyperparameters (lower LR + linear warmup) to test whether the original collapse-to-neutral was a training artifact or an inherent limitation.",
  "hyperparameters": {
    "num_epochs": 5,
    "batch_size": 2,
    "learning_rate": 5e-06,
    "warmup_ratio": 0.1,
    "weight_decay": 0.01,
    "max_length": 128,
    "random_state": 42,
    "gradient_checkpointing": true
  },
  "comparison_with_original_07": {
    "original_lr": 2e-05,
    "original_warmup": "none",
    "original_epochs": 3,
    "original_test_accuracy": 0.6137,
    "original_test_f1_weighted": 0.4668,
    "note": "Original collapsed to predicting all-neutral."
  },
  "device": "cuda",
  "eval_loss": 0.07123750134520972,
  "accuracy": 0.9845474613686535,
  "f1_weighted": 0.9845969925232227,
  "f1_macro": 0.9802142064020812,
  "report": {
    "negative": {
      "precision": 0.953125,
      "recall": 1.0,
      "f1-score": 0.976,
      "support": 61.0
    },
    "neutral": {
      "precision": 0.9963636363636363,
      "recall": 0.9856115107913669,
      "f1-score": 0.9909584086799277,
      "support": 278.0
    },
    "positive": {
      "precision": 0.9736842105263158,
      "recall": 0.9736842105263158,
      "f1-score": 0.9736842105263158,
      "support": 114.0
    },
    "accuracy": 0.9845474613686535,
    "macro avg": {
      "precision": 0.9743909489633173,
      "recall": 0.9864319071058943,
      "f1-score": 0.9802142064020812,
      "support": 453.0
    },
    "weighted avg": {
      "precision": 0.9848338099538431,
      "recall": 0.9845474613686535,
      "f1-score": 0.9845969925232227,
      "support": 453.0
    }
  },
  "training_time_seconds": 1470.727196931839,
  "eval_time_seconds": 12.774115324020386,
  "memory_mb": 387.921875,
  "num_train_examples": 1811,
  "num_test_examples": 453
}