{
  "model": "TF-IDF + Logistic Regression",
  "purpose": "Cheap classical baseline. Reframes the transformer comparison: shows what non-transformer ML gives you for free, so the transformers' extra cost can be judged against a real floor.",
  "hyperparameters": {
    "tfidf_ngram_range": [
      1,
      2
    ],
    "tfidf_max_features": 20000,
    "tfidf_sublinear_tf": true,
    "tfidf_lowercase": true,
    "logreg_C": 1.0,
    "logreg_max_iter": 2000,
    "logreg_solver": "lbfgs",
    "random_state": 42
  },
  "vocabulary_size": 20000,
  "training_time_seconds": 0.2079460620880127,
  "inference_time_seconds": 0.008028268814086914,
  "memory_mb": 35.03125,
  "num_train_examples": 1811,
  "num_test_examples": 453,
  "accuracy": 0.8653421633554084,
  "f1_weighted": 0.859022796323527,
  "f1_macro": 0.8050952436792943,
  "precision_weighted": 0.8643179762142773,
  "recall_weighted": 0.8653421633554084,
  "report": {
    "negative": {
      "precision": 0.9024390243902439,
      "recall": 0.6065573770491803,
      "f1-score": 0.7254901960784313,
      "support": 61.0
    },
    "neutral": {
      "precision": 0.8831168831168831,
      "recall": 0.9784172661870504,
      "f1-score": 0.9283276450511946,
      "support": 278.0
    },
    "positive": {
      "precision": 0.7980769230769231,
      "recall": 0.7280701754385965,
      "f1-score": 0.7614678899082569,
      "support": 114.0
    },
    "accuracy": 0.8653421633554084,
    "macro avg": {
      "precision": 0.8612109435280167,
      "recall": 0.7710149395582757,
      "f1-score": 0.8050952436792943,
      "support": 453.0
    },
    "weighted avg": {
      "precision": 0.8643179762142773,
      "recall": 0.8653421633554084,
      "f1-score": 0.859022796323527,
      "support": 453.0
    }
  }
}