{
  "model": "Fine-tuned DistilBERT",
  "model_path": "models/distilbert-finetuned",
  "accuracy": 0.9713024282560706,
  "report": {
    "negative": {
      "precision": 0.9230769230769231,
      "recall": 0.9836065573770492,
      "f1-score": 0.9523809523809523,
      "support": 61.0
    },
    "neutral": {
      "precision": 0.9891696750902527,
      "recall": 0.9856115107913669,
      "f1-score": 0.9873873873873874,
      "support": 278.0
    },
    "positive": {
      "precision": 0.954954954954955,
      "recall": 0.9298245614035088,
      "f1-score": 0.9422222222222222,
      "support": 114.0
    },
    "accuracy": 0.9713024282560706,
    "macro avg": {
      "precision": 0.9557338510407103,
      "recall": 0.9663475431906416,
      "f1-score": 0.9606635206635206,
      "support": 453.0
    },
    "weighted avg": {
      "precision": 0.9716594411647845,
      "recall": 0.9713024282560706,
      "f1-score": 0.9713074285259714,
      "support": 453.0
    }
  },
  "num_test_examples": 453
}