epoch,train_loss,eval_loss,eval_accuracy,eval_f1_weighted
1,0.4442814872128323,0.14412809885515457,0.9602649006622517,0.9604351555605166
2,0.11554796821212125,0.09713474390701506,0.9713024282560706,0.9712530889652188
3,0.0575136999314495,0.1344480479806008,0.9580573951434879,0.9586176876603184
