{
  "model": "Fine-tuned DistilBERT",
  "model_name": "distilbert-base-uncased",
  "num_labels": 3,
  "num_epochs": 3,
  "batch_size": 8,
  "learning_rate": 2e-05,
  "device": "mps",
  "eval_loss": 0.1344480479806008,
  "accuracy": 0.9580573951434879,
  "report": {
    "negative": {
      "precision": 0.9508196721311475,
      "recall": 0.9508196721311475,
      "f1-score": 0.9508196721311475,
      "support": 61.0
    },
    "neutral": {
      "precision": 0.9925650557620818,
      "recall": 0.960431654676259,
      "f1-score": 0.9762340036563071,
      "support": 278.0
    },
    "positive": {
      "precision": 0.8861788617886179,
      "recall": 0.956140350877193,
      "f1-score": 0.919831223628692,
      "support": 114.0
    },
    "accuracy": 0.9580573951434879,
    "macro avg": {
      "precision": 0.9431878632272824,
      "recall": 0.9557972258948665,
      "f1-score": 0.9489616331387155,
      "support": 453.0
    },
    "weighted avg": {
      "precision": 0.960171028136338,
      "recall": 0.9580573951434879,
      "f1-score": 0.9586176876603184,
      "support": 453.0
    }
  },
  "training_time_seconds": 149.57101488113403,
  "eval_time_seconds": 3.4572157859802246,
  "memory_mb": 442.875,
  "num_train_examples": 1811,
  "num_test_examples": 453
}