epoch,train_loss,eval_loss,eval_accuracy,eval_f1_weighted
1,0.43223747740692503,0.1311712957787932,0.9668874172185431,0.9667018574247317
2,0.10240336969322504,0.11404644987921704,0.9713024282560706,0.9712939962258234
3,0.05332363487861328,0.08621714242913744,0.9713024282560706,0.9713074285259714
