{
  "model": "Fine-tuned DistilBERT",
  "model_name": "distilbert-base-uncased",
  "num_labels": 3,
  "num_epochs": 3,
  "batch_size": 8,
  "learning_rate": 2e-05,
  "device": "cpu",
  "eval_loss": 0.08621714242913744,
  "accuracy": 0.9713024282560706,
  "report": {
    "negative": {
      "precision": 0.9230769230769231,
      "recall": 0.9836065573770492,
      "f1-score": 0.9523809523809523,
      "support": 61.0
    },
    "neutral": {
      "precision": 0.9891696750902527,
      "recall": 0.9856115107913669,
      "f1-score": 0.9873873873873874,
      "support": 278.0
    },
    "positive": {
      "precision": 0.954954954954955,
      "recall": 0.9298245614035088,
      "f1-score": 0.9422222222222222,
      "support": 114.0
    },
    "accuracy": 0.9713024282560706,
    "macro avg": {
      "precision": 0.9557338510407103,
      "recall": 0.9663475431906416,
      "f1-score": 0.9606635206635206,
      "support": 453.0
    },
    "weighted avg": {
      "precision": 0.9716594411647845,
      "recall": 0.9713024282560706,
      "f1-score": 0.9713074285259714,
      "support": 453.0
    }
  },
  "training_time_seconds": 267.1489260196686,
  "eval_time_seconds": 5.545428276062012,
  "memory_mb": 2053.0625,
  "num_train_examples": 1811,
  "num_test_examples": 453
}