Epoch,Train Loss,Eval Loss,Accuracy,Precision,Recall,F1-score,Training Time (seconds)
1,0.4442814802956082,0.1441280948684404,0.9602649006622517,0.9612155929703325,0.9602649006622517,0.9604351555605166,46.14006495475769
2,0.1156424957179846,0.09311714302748442,0.9735099337748344,0.9733759066540524,0.9735099337748344,0.9734164577109035,92.77047085762024
3,0.05525493918557032,0.1371563205152358,0.9602649006622517,0.9618248266094489,0.9602649006622517,0.9606708004956966,139.77520203590393
