seed,accuracy,f1_weighted,f1_macro,precision_weighted,recall_weighted,training_time_seconds
42,0.9646799116997793,0.9650182709729921,0.9556511516748699,0.9659706470634845,0.9646799116997793,143.45651769638062
1,0.9668874172185431,0.9672204023661106,0.9545911728503604,0.9681331232071395,0.9668874172185431,150.0635211467743
2,0.9514348785871964,0.9523713529758551,0.9318736394314854,0.9548203387315191,0.9514348785871964,163.85072994232178
3,0.9602649006622517,0.9606070931940955,0.9433550581602158,0.9613077264099436,0.9602649006622517,171.78807282447815
4,0.9646799116997793,0.9650262800657972,0.950143681509584,0.9666357116910637,0.9646799116997793,189.651508808136
